-- MySQL dump 10.13  Distrib 8.0.40, for Linux (x86_64)
--
-- Host: localhost    Database: tifosi
-- ------------------------------------------------------
-- Server version	5.5.5-10.4.28-MariaDB

/*!40101 SET @OLD_CHARACTER_SET_CLIENT=@@CHARACTER_SET_CLIENT */;
/*!40101 SET @OLD_CHARACTER_SET_RESULTS=@@CHARACTER_SET_RESULTS */;
/*!40101 SET @OLD_COLLATION_CONNECTION=@@COLLATION_CONNECTION */;
/*!50503 SET NAMES utf8mb4 */;
/*!40103 SET @OLD_TIME_ZONE=@@TIME_ZONE */;
/*!40103 SET TIME_ZONE='+00:00' */;
/*!40014 SET @OLD_UNIQUE_CHECKS=@@UNIQUE_CHECKS, UNIQUE_CHECKS=0 */;
/*!40014 SET @OLD_FOREIGN_KEY_CHECKS=@@FOREIGN_KEY_CHECKS, FOREIGN_KEY_CHECKS=0 */;
/*!40101 SET @OLD_SQL_MODE=@@SQL_MODE, SQL_MODE='NO_AUTO_VALUE_ON_ZERO' */;
/*!40111 SET @OLD_SQL_NOTES=@@SQL_NOTES, SQL_NOTES=0 */;

--
-- Table structure for table `achete`
--

DROP TABLE IF EXISTS `achete`;
/*!40101 SET @saved_cs_client     = @@character_set_client */;
/*!50503 SET character_set_client = utf8mb4 */;
CREATE TABLE `achete` (
  `id_client` int(11) NOT NULL,
  `id_focaccia` int(11) NOT NULL,
  `jour` date NOT NULL,
  PRIMARY KEY (`id_client`,`id_focaccia`,`jour`),
  KEY `id_focaccia` (`id_focaccia`),
  CONSTRAINT `achete_ibfk_1` FOREIGN KEY (`id_client`) REFERENCES `client` (`id_client`),
  CONSTRAINT `achete_ibfk_2` FOREIGN KEY (`id_focaccia`) REFERENCES `focaccia` (`id_focaccia`)
) ENGINE=InnoDB DEFAULT CHARSET=utf8mb4 COLLATE=utf8mb4_general_ci;
/*!40101 SET character_set_client = @saved_cs_client */;

--
-- Dumping data for table `achete`
--

LOCK TABLES `achete` WRITE;
/*!40000 ALTER TABLE `achete` DISABLE KEYS */;
INSERT INTO `achete` VALUES (1,1,'2024-12-01'),(2,2,'2024-12-02');
/*!40000 ALTER TABLE `achete` ENABLE KEYS */;
UNLOCK TABLES;

--
-- Table structure for table `boisson`
--

DROP TABLE IF EXISTS `boisson`;
/*!40101 SET @saved_cs_client     = @@character_set_client */;
/*!50503 SET character_set_client = utf8mb4 */;
CREATE TABLE `boisson` (
  `id_boisson` int(11) NOT NULL,
  `nom_boisson` varchar(100) NOT NULL,
  `id_marque` int(11) NOT NULL,
  PRIMARY KEY (`id_boisson`),
  KEY `id_marque` (`id_marque`),
  CONSTRAINT `boisson_ibfk_1` FOREIGN KEY (`id_marque`) REFERENCES `marque` (`id_marque`)
) ENGINE=InnoDB DEFAULT CHARSET=utf8mb4 COLLATE=utf8mb4_general_ci;
/*!40101 SET character_set_client = @saved_cs_client */;

--
-- Dumping data for table `boisson`
--

LOCK TABLES `boisson` WRITE;
/*!40000 ALTER TABLE `boisson` DISABLE KEYS */;
INSERT INTO `boisson` VALUES (1,'Coca-cola zéro',1),(2,'Coca-cola original',1),(3,'Fanta citron',1),(4,'Fanta orange',1),(5,'Capri-sun',1),(6,'Pepsi',4),(7,'Pepsi Max Zéro',4),(8,'Lipton zéro citron',4),(9,'Lipton Peach',4),(10,'Monster energy ultra gold',3),(11,'Monster energy ultra blue',3),(12,'Eau de source',2);
/*!40000 ALTER TABLE `boisson` ENABLE KEYS */;
UNLOCK TABLES;

--
-- Table structure for table `client`
--

DROP TABLE IF EXISTS `client`;
/*!40101 SET @saved_cs_client     = @@character_set_client */;
/*!50503 SET character_set_client = utf8mb4 */;
CREATE TABLE `client` (
  `id_client` int(11) NOT NULL,
  `nom_client` varchar(45) NOT NULL,
  `age` int(11) NOT NULL,
  `cp_client` int(11) NOT NULL,
  PRIMARY KEY (`id_client`)
) ENGINE=InnoDB DEFAULT CHARSET=utf8mb4 COLLATE=utf8mb4_general_ci;
/*!40101 SET character_set_client = @saved_cs_client */;

--
-- Dumping data for table `client`
--

LOCK TABLES `client` WRITE;
/*!40000 ALTER TABLE `client` DISABLE KEYS */;
INSERT INTO `client` VALUES (1,'Jean Dupont',25,75001),(2,'Marie Curie',30,75002);
/*!40000 ALTER TABLE `client` ENABLE KEYS */;
UNLOCK TABLES;

--
-- Table structure for table `contient`
--

DROP TABLE IF EXISTS `contient`;
/*!40101 SET @saved_cs_client     = @@character_set_client */;
/*!50503 SET character_set_client = utf8mb4 */;
CREATE TABLE `contient` (
  `id_menu` int(11) NOT NULL,
  `id_boisson` int(11) NOT NULL,
  PRIMARY KEY (`id_menu`,`id_boisson`),
  KEY `id_boisson` (`id_boisson`),
  CONSTRAINT `contient_ibfk_1` FOREIGN KEY (`id_menu`) REFERENCES `menu` (`id_menu`),
  CONSTRAINT `contient_ibfk_2` FOREIGN KEY (`id_boisson`) REFERENCES `boisson` (`id_boisson`)
) ENGINE=InnoDB DEFAULT CHARSET=utf8mb4 COLLATE=utf8mb4_general_ci;
/*!40101 SET character_set_client = @saved_cs_client */;

--
-- Dumping data for table `contient`
--

LOCK TABLES `contient` WRITE;
/*!40000 ALTER TABLE `contient` DISABLE KEYS */;
INSERT INTO `contient` VALUES (1,1),(1,2),(2,3),(2,4);
/*!40000 ALTER TABLE `contient` ENABLE KEYS */;
UNLOCK TABLES;

--
-- Table structure for table `focaccia`
--

DROP TABLE IF EXISTS `focaccia`;
/*!40101 SET @saved_cs_client     = @@character_set_client */;
/*!50503 SET character_set_client = utf8mb4 */;
CREATE TABLE `focaccia` (
  `id_focaccia` int(11) NOT NULL,
  `nom_focaccia` varchar(100) NOT NULL,
  `prix` decimal(5,2) NOT NULL,
  `ingredients` text NOT NULL,
  PRIMARY KEY (`id_focaccia`)
) ENGINE=InnoDB DEFAULT CHARSET=utf8mb4 COLLATE=utf8mb4_general_ci;
/*!40101 SET character_set_client = @saved_cs_client */;

--
-- Dumping data for table `focaccia`
--

LOCK TABLES `focaccia` WRITE;
/*!40000 ALTER TABLE `focaccia` DISABLE KEYS */;
INSERT INTO `focaccia` VALUES (1,'Mozaccia',9.80,'Base tomate, Mozarella, cresson, jambon fumé, ail, artichaut, champignon, parmesan, poivre, olive noire'),(2,'Gorgonzolaccia',10.80,'Base tomate, Gorgonzola, cresson, ail, champignon, parmesan, poivre, olive noire'),(3,'Raclaccia',8.90,'Base tomate, raclette, cresson, ail, champignon, parmesan, poivre'),(4,'Emmentalaccia',9.80,'Base crème, Emmental, cresson, champignon, parmesan, poivre, oignon'),(5,'Tradizione',8.90,'Base tomate, Mozarella, cresson, jambon cuit, champignon, parmesan, poivre, olive noire, olive verte'),(6,'Hawaienne',11.20,'Base tomate, Mozarella, cresson, bacon, ananas, piment, parmesan, poivre, olive noire'),(7,'Américaine',10.80,'Base tomate, Mozarella, cresson, bacon, pomme de terre, parmesan, poivre, olive noire'),(8,'Paysanne',12.80,'Base crème, Chèvre, cresson, pomme de terre, jambon fumé, ail, artichaut, champignon, parmesan, poivre, olive noire, oeuf');
/*!40000 ALTER TABLE `focaccia` ENABLE KEYS */;
UNLOCK TABLES;

--
-- Table structure for table `ingredient`
--

DROP TABLE IF EXISTS `ingredient`;
/*!40101 SET @saved_cs_client     = @@character_set_client */;
/*!50503 SET character_set_client = utf8mb4 */;
CREATE TABLE `ingredient` (
  `id_ingredient` int(11) NOT NULL,
  `nom_ingredient` varchar(50) NOT NULL,
  PRIMARY KEY (`id_ingredient`)
) ENGINE=InnoDB DEFAULT CHARSET=utf8mb4 COLLATE=utf8mb4_general_ci;
/*!40101 SET character_set_client = @saved_cs_client */;

--
-- Dumping data for table `ingredient`
--

LOCK TABLES `ingredient` WRITE;
/*!40000 ALTER TABLE `ingredient` DISABLE KEYS */;
INSERT INTO `ingredient` VALUES (1,'Ail'),(2,'Ananas'),(3,'Artichaut'),(4,'Bacon'),(5,'Base Tomate'),(6,'Base crème'),(7,'Champignon'),(8,'Chevre'),(9,'Cresson'),(10,'Emmental'),(11,'Gorgonzola'),(12,'Jambon cuit'),(13,'Jambon fumé'),(14,'Oeuf'),(15,'Oignon'),(16,'Olive noire'),(17,'Olive verte'),(18,'Parmesan'),(19,'Piment'),(20,'Poivre'),(21,'Pomme de terre'),(22,'Raclette'),(23,'Salami'),(24,'Tomate cerise');
/*!40000 ALTER TABLE `ingredient` ENABLE KEYS */;
UNLOCK TABLES;

--
-- Table structure for table `marque`
--

DROP TABLE IF EXISTS `marque`;
/*!40101 SET @saved_cs_client     = @@character_set_client */;
/*!50503 SET character_set_client = utf8mb4 */;
CREATE TABLE `marque` (
  `id_marque` int(11) NOT NULL,
  `nom_marque` varchar(50) NOT NULL,
  PRIMARY KEY (`id_marque`)
) ENGINE=InnoDB DEFAULT CHARSET=utf8mb4 COLLATE=utf8mb4_general_ci;
/*!40101 SET character_set_client = @saved_cs_client */;

--
-- Dumping data for table `marque`
--

LOCK TABLES `marque` WRITE;
/*!40000 ALTER TABLE `marque` DISABLE KEYS */;
INSERT INTO `marque` VALUES (1,'Coca-cola'),(2,'Cristalline'),(3,'Monster'),(4,'Pepsico');
/*!40000 ALTER TABLE `marque` ENABLE KEYS */;
UNLOCK TABLES;

--
-- Table structure for table `menu`
--

DROP TABLE IF EXISTS `menu`;
/*!40101 SET @saved_cs_client     = @@character_set_client */;
/*!50503 SET character_set_client = utf8mb4 */;
CREATE TABLE `menu` (
  `id_menu` int(11) NOT NULL,
  `nom_menu` varchar(45) NOT NULL,
  `prix_menu` float NOT NULL,
  PRIMARY KEY (`id_menu`)
) ENGINE=InnoDB DEFAULT CHARSET=utf8mb4 COLLATE=utf8mb4_general_ci;
/*!40101 SET character_set_client = @saved_cs_client */;

--
-- Dumping data for table `menu`
--

LOCK TABLES `menu` WRITE;
/*!40000 ALTER TABLE `menu` DISABLE KEYS */;
INSERT INTO `menu` VALUES (1,'Menu Classique',12.5),(2,'Menu Gourmet',15);
/*!40000 ALTER TABLE `menu` ENABLE KEYS */;
UNLOCK TABLES;

--
-- Table structure for table `paye`
--

DROP TABLE IF EXISTS `paye`;
/*!40101 SET @saved_cs_client     = @@character_set_client */;
/*!50503 SET character_set_client = utf8mb4 */;
CREATE TABLE `paye` (
  `id_client` int(11) NOT NULL,
  `jour` date NOT NULL,
  PRIMARY KEY (`id_client`,`jour`),
  CONSTRAINT `paye_ibfk_1` FOREIGN KEY (`id_client`) REFERENCES `client` (`id_client`)
) ENGINE=InnoDB DEFAULT CHARSET=utf8mb4 COLLATE=utf8mb4_general_ci;
/*!40101 SET character_set_client = @saved_cs_client */;

--
-- Dumping data for table `paye`
--

LOCK TABLES `paye` WRITE;
/*!40000 ALTER TABLE `paye` DISABLE KEYS */;
INSERT INTO `paye` VALUES (1,'2024-12-01'),(2,'2024-12-02');
/*!40000 ALTER TABLE `paye` ENABLE KEYS */;
UNLOCK TABLES;
/*!40103 SET TIME_ZONE=@OLD_TIME_ZONE */;

/*!40101 SET SQL_MODE=@OLD_SQL_MODE */;
/*!40014 SET FOREIGN_KEY_CHECKS=@OLD_FOREIGN_KEY_CHECKS */;
/*!40014 SET UNIQUE_CHECKS=@OLD_UNIQUE_CHECKS */;
/*!40101 SET CHARACTER_SET_CLIENT=@OLD_CHARACTER_SET_CLIENT */;
/*!40101 SET CHARACTER_SET_RESULTS=@OLD_CHARACTER_SET_RESULTS */;
/*!40101 SET COLLATION_CONNECTION=@OLD_COLLATION_CONNECTION */;
/*!40111 SET SQL_NOTES=@OLD_SQL_NOTES */;

-- Dump completed on 2024-12-05 15:36:25
